nama_sku,harga,jumlah_penjualan,halaman
"DRESS ANAK KONICHIWA EBV Baju Dress Anak Perempuan Import - Grey, M",Rp114.400,2 terjual,1
Sandal konichiwa,Rp65.000,60+ terjual,1
Kaos Tulisan Jepang - KONICHIWA - Baju Kaos Distro Pria Murah - FPC ID,Rp34.500,26 terjual,1
[EP] Yuki Saito - Kanashimi yo Konichiwa (Maison Ikkoku),Rp140.000,0,1
Sprei Anak Beverly 120x200 100x200 90x200 Hello Kitty Konichiwa,Rp112.500,3 terjual,1
KONICHIWA Sandal Jepit Dewasa Series 5,Rp123.000,0,1
Promo Sandal Konichiwa Abstract Pop - Navy Blue - Women Murah,Rp192.400,0,1
KONICHIWA - Sarung Tangan Latex/Lateks | Gloves Isi 100,Rp36.500,0,1
konichiwa eyewear frame kacamata pure asetat 72011 kacamata cateye,Rp115.000,0,1
SANDAL ANAK KONICHIWA UNISEX KIDS,Rp70.000,0,1
Hakushika Umakuchi shika Pack 3L sake,Rp1.150.000,5 terjual,1
Hosomen ramen kecil,Rp30.000,3rb+ terjual,1
"T-Shirt Karakter Korean Cute / Kaos Distro Anak - Koya, S ( 1-2 Thn )",Rp37.500,0,1
POP IT JUMBO XL BUTTERFLY / popit tiktok viral kado - Rainbow,Rp79.000,40+ terjual,1
POP IT XXXL PASTEL STRAWBERRY PREMIUM / rainbow popit tiktok bubble,Rp169.000,21 terjual,1
Buku Travelling / Konichiwa Japan! / Buku tentang Jepang / Buku Travel,Rp31.900,10 terjual,1
"[LP] Ito Tsukasa - Sayonara, Konichiwa (Yume Miru Season) Vinyl PH",Rp260.000,0,1
Penghapus lucu smiggle konichiwa eraser set,Rp70.000,1 terjual,1
konichiwa eyewear frame kacamata pure asetat 72006 kacamata cateye,Rp120.000,0,1
KONICHIWA Jepit Sandal Dewasa 5 Series,Rp182.000,0,1
Sandal konichiwa (=),Rp84.000,0,1
sandal anak no 6 konichiwa,Rp105.000,0,1
Buku Travelling / Konichiwa Japan!,Rp52.200,0,1
Konichiwa Nihongo Jilid 1 untuk Siswa SMA Kelas X,Rp80.000,0,1
Kaos japan jepang konichiwa salur garis cowok distro pria,Rp45.000,1 terjual,1
POP IT JUMBO XXXL RAINBOW BIG BOW / popit tiktok pita viral hadiah,Rp139.000,3 terjual,1
Buku Traveling : Konichiwa Japan!,Rp58.000,5 terjual,1
BAJU KAOS KONICHIWA TULISAN JEPANG T-SHIRT,Rp49.999,1 terjual,1
heybaby DRESS KONICHIWA EBV Baju Dress Anak Perempuan Import anak bayi,Rp113.000,0,1
HappyOliver DRESS KONICHIWA EBV Baju Dress Anak Perempuan Import,Rp118.000,0,1
Jual SANDAL ANAK KONICHIWA UNISEX KIDS Murah,Rp107.500,0,1
Perempuan Anak bayi bayi Bayi KONICHIWA Anak Import Dress heybaby Gaun,Rp135.000,0,1
Frame kacamata minus bulat konichiwa + lensa antiradiasi,Rp99.000,0,1
Terapik heybaby DRESS KONICHIWA EBV Baju Dress Anak Perempuan Import,Rp85.000,0,1
Frame kacamata minus bulat konichiwa + lensa antiradiasi,Rp99.000,0,1
Frame kacamata bulat konichiwa,Rp59.000,0,1
"Frame kacamata baca minus plus
Konichiwa",Rp90.000,0,1
Colourpop X hello kitty lipstick (konichiwa),Rp100.000,1 terjual,1
Bedcover Set Anti Geser Motif HK KONICHIWA UK 120X200-200X200,Rp350.000,1 terjual,1
Bantal Terapi Sakura / Konichiwa Bantal Panas Belt + Magnet Tipis,Rp201.000,0,1
Bedcover Set Beverly 120x200 90x200 100x200 Hello Kitty Konichiwa,Rp365.000,0,1
Heybaby Dress Konichiwa Ebv Baju Dress Anak Perempuan Import Dress,Rp100.018,0,1
Bedcover Set Katun Lokal 120x200 100x200 90x200 Hello Kitty Konichiwa,Rp365.000,0,1
Bedcover Set Katun Lokal 120x200 90x200 100x200 Hello Kitty Konichiwa,Rp365.000,0,1
Sprei Anak Katun Lokal 120x200 100x200 90x200 Hello Kitty Konichiwa,Rp180.000,0,1
Sprei Anak Katun Lokal 120x200 9x200 100x200 Hello Kitty Konichiwa,Rp180.000,0,1
Bedcover Set Beverly 100x200 120x200 90x200 Hello Kitty Konichiwa,Rp365.000,0,1
Sprei Anak Beverly 120x200 90x200 100x200 Hello Kitty Konichiwa,Rp112.500,0,1
BEDCOVER SET KATUN PREMIUM KING | QUEEN | SINGLE MOTIF konichiwa,Rp330.000,0,1
heybaby DRESS KONICHIWA EBV Baju Dress Anak Perempuan Import Dress,Rp86.000,0,1
HappyOliver KONICHIWA Import Anak Dress Baju DRESS EBV Perempuan,Rp134.000,0,1
MYS243- HappyOliver DRESS KONICHIWA EBV Baju Dress Anak Perempuan Impo,Rp918.000,0,1
HappyOliver DRESS KONICHIWA EBV Baju Dress Anak Perempuan Import,Rp116.000,0,1
Paket lensa minus - frame kacamata pria wanita konichiwa Ready,Rp139.000,0,1
MYS243- heybaby DRESS KONICHIWA EBV Baju Dress Anak Perempuan Import a,Rp925.000,0,1
FYN244- HappyOliver DRESS KONICHIWA EBV Baju Dress Anak Perempuan Impo,Rp918.000,0,1
heybaby DRESS KONICHIWA EBV Baju Dress Anak Perempuan Import Dress,Rp1.049.000,0,1
BUKU MOTIVASI : KONICHIWA JAPAN!,Rp100.000,0,1
Kâœ‰4X DRESS ANAK KONICHIWA EBV BAJU DRESS ANAK PEREMPUAN T LãŠšR6,Rp146.000,0,1
FYN244- heybaby DRESS KONICHIWA EBV Baju Dress Anak Perempuan Import a,Rp925.000,0,1
Travelling Buku Buku tentang Travelling Jepang Japan Konichiwa Buku Je,Rp71.000,0,1
Happyoliver Dress Konichiwa Ebv Baju Dress Anak Perempuan Import Best,Rp979.000,0,1
Littleaaron Dress Konichiwa Ebv Baju Dress Anak Perempuan Import,Rp107.000,0,1
HappyOliver DRESS KONICHIWA EBV Baju Dress Anak Perempuan Import,Rp144.000,0,1
HappyOliver DRESS KONICHIWA EBV Baju Dress Anak Perempuan Import,Rp152.000,0,1
SPREI SET KATUN PREMIUM BEVERLY HK KONICHIWA MERAH,Rp120.000,0,1
SPREI SET KATUN PREMIUM BEVERLY HK KONICHIWA PINK,Rp120.000,0,1
"DRESS ANAK KONICHIWA EBV Baju Dress Anak Perempuan Import - Grey, M",Rp114.400,2 terjual,2
Hakushika Umakuchi shika Pack 3L sake,Rp1.150.000,5 terjual,2
Hosomen ramen kecil,Rp30.000,3rb+ terjual,2
"T-Shirt Karakter Korean Cute / Kaos Distro Anak - Koya, S ( 1-2 Thn )",Rp37.500,0,2
POP IT JUMBO XL BUTTERFLY / popit tiktok viral kado - Rainbow,Rp79.000,40+ terjual,2
Heybaby-Dress Konichiwa Ebv Baju Dress Anak Perempuan Import Dress,Rp992.000,0,2
HappyOliver DRESS KONICHIWA EBV Baju Dress Anak Perempuan Import,Rp142.000,0,2
"Sprei Anak Motif Konichiwa By Katun Star, Seprei Katun Lokal",Rp366.000,0,2
Seprei Set Anti Geser Motif HK KONICHIWA UK 120X200-200X200,Rp120.000,0,2
Konichiwa jacket jeans,Rp155.000,0,2
POP IT JUMBO XXXL RAINBOW BIG BOW / popit tiktok pita viral hadiah,Rp139.000,3 terjual,2
BEDCOVER SET KATUN STAR MOTIF KONICHIWA UKURAN 140 sd 200,Rp455.000,0,2
SPREI SET KATUN STAR MOTIF KONICHIWA UKURAN 90 sd 200,Rp115.000,0,2
BEDCOVER SET KATUN STAR MOTIF KONICHIWA UKURAN 90 sd 120,Rp340.000,0,2
Smiggle Ori A5 Pencil Case Konichiwa,Rp175.000,0,2
Konichiwa 65ml Parfum Dokyo J15 Pheromone 100% Original Jepang,Rp260.000,5 terjual,2
cetak dus konichiwa,Rp2.875.000,1 terjual,2
Sarung Tangan Konichiwa Powder Free,Rp40.000,2 terjual,2
BEDCOVER + SPREI SET KATUN PREMIUM BEVERLY HK KONICHIWA MERAH,Rp365.000,0,2
Buku Traveling : Konichiwa Japan!,Rp123.000,0,2
Produk heybaby DRESS KONICHIWA EBV Baju Dress Anak Perempuan Import,Rp1.166.000,0,2
PROMO Buku Travelling / Konichiwa Japan! / Buku tentang Jepang / Buku,Rp66.000,0,2
Sprei set katun Star HK konichiwa p uk 200|180|160|140|120|100|90,Rp125.000,1 terjual,2
Sprei set katun Star HK konichiwa r uk 200|180|160|140|120|100|90,Rp125.000,0,2
Sprei Bedcover Katun Star HK konichiwa p uk 200|180|160|140|120|100|90,Rp360.000,0,2
Sprei Bedcover Katun Star HK konichiwa r uk 200|180|160|140|120|100|90,Rp360.000,0,2
Konichiwa Japan!,Rp31.900,0,2
Paket lensa minus - frame kacamata pria wanita konichiwa,Rp166.000,0,2
BEDCOVER + SPREI SET KATUN PREMIUM BEVERLY HK KONICHIWA PINK,Rp365.000,0,2
Promo Sarung Tangan Latex non Powder merk Konichiwa ukuran L Limited,Rp89.000,0,2
PROMO SANDAL KONICHIWA BERKUALITAS,Rp207.000,0,2
SPREI KONICHIWA,Rp140.000,2 terjual,2
Handuk Mandi Konichiwa Corak,Rp39.000,0,2
VQ325 kaos distro pria konichiwa allsize ld98cm cotton 30s,Rp83.900,0,2
Konichiwa Salad Wrap,Rp78.000,0,2
Sandal konichiwa ðŸ‘š,Rp85.000,0,2
DRESS KONICHIWA Baju Dress Anak Perempuan Dress anak bayi Perempuan,Rp110.752,0,2
pesanan khusus konichiwa bdg,Rp523.312,1 terjual,2
Konichiwa Salad Bowl,Rp78.000,0,2
[Dijual] Sakura / Konichiwa Bantal Panas Belt + Magnet Tipis,Rp198.000,0,2
Handskun Konichiwa Latex Free Powder,Rp45.000,2 terjual,2
DRESS ANAK KONICHIWA EBV Baju Dress Anak Perempuan Import,Rp114.400,2 terjual,2
Sprei Set Katun Star HK konichiwa uk 200|180|160|140|120|100|90,Rp125.000,0,2
Sprei Bedcover Set Katun Star konichiwa p uk200|180|160|140|120|100|90,Rp355.000,1 terjual,2
Sprei Set Katun Star konichiwa p uk 200|180|160|140|120|100|90,Rp125.000,0,2
sprei & bedcover katun beverly collection motif HK konichiwa 2 warna ,Rp260.000,0,2
PROMO SANDAL KONICHIWA BERKUALITAS,Rp272.500,0,2
FER223- heybaby DRESS KONICHIWA EBV Baju Dress Anak Perempuan Import a,Rp932.000,0,2
SUNSHINE FRAME KACAMATA BULAT KONICHIWA TERMURAH SEINDONESIA,Rp307.000,0,2
BUKU MOTIVASI : KONICHIWA JAPAN!,Rp84.800,0,2
Soraya Bedsheet Set Bedcover Single Katun Gold Motif Konichiwa Murah,Rp793.000,0,2
BUKU MOTIVASI : KONICHIWA JAPAN!,Rp99.000,0,2
Soraya Bedsheet Set Bedcover Single Katun Gold Motif Konichiwa,Rp793.000,0,2
FER223- HappyOliver DRESS KONICHIWA EBV Baju Dress Anak Perempuan Impo,Rp952.000,0,2
TERBUKTI Kemeja Katun Konichiwa BYR,Rp122.000,0,2
HappyOliver DRESS KONICHIWA EBV Baju Dress Anak Perempuan Import,Rp103.400,0,2
Konichiwa 65ml Parfum Dokyo J15 Pheromone 100 Original Jepang,Rp374.400,0,2
KAOS WANITA ATASAN WANITA DISTRO GREENLIGHT KAOS KONICHIWA GREENLIGHT,Rp64.900,0,2
Menarik Paket lensa minus - frame kacamata pria wanita konichiwa,Rp163.500,0,2
Menarik Paket lensa minus - frame kacamata pria wanita konichiwa,Rp163.500,0,2
Sandal konichiwa,Rp150.000,0,2
Buku Travelling : KONICHIWA JAPAN! - Buku tentang Jepang,Rp81.900,0,2
BEDCOVER SET KATUN BEVERLY MOTIF HK KONICHIWA RED,Rp884.000,0,2
Sepatu Corvalue Footwear - Sneakers Kasual Pria Wanita Konichiwa Fulwh,Rp361.000,0,2
SEPATU CORVALUE FOOTWEAR - Sepatu Sneakers Casual Konichiwa Full White,Rp210.000,0,2
Buku Traveling : Konichiwa Japan!,Rp81.900,0,2
"DRESS ANAK KONICHIWA EBV Baju Dress Anak Perempuan Import - Grey, M",Rp114.400,2 terjual,3
Hakushika Umakuchi shika Pack 3L sake,Rp1.150.000,5 terjual,3
Hosomen ramen kecil,Rp30.000,3rb+ terjual,3
"T-Shirt Karakter Korean Cute / Kaos Distro Anak - Koya, S ( 1-2 Thn )",Rp37.500,0,3
POP IT JUMBO XL BUTTERFLY / popit tiktok viral kado - Rainbow,Rp79.000,40+ terjual,3
Buku Traveling - Konichiwa Japan Travel Food Culture Life,Rp96.000,0,3
DRESS KONICHIWA Baju Dress Anak Perempuan Import,Rp85.900,0,3
Buku Traveling : Konichiwa Japan! : Buku Tentang Jepang,Rp84.800,0,3
Iâž¸EC DRESS ANAK KONICHIWA EBV BAJU DRESS ANAK PEREMPUAN T Kâœ‰49,Rp195.000,0,3
- BUKU REFERENSI : Konichiwa Japan!,Rp66.100,0,3
POP IT XXXL PASTEL STRAWBERRY PREMIUM / rainbow popit tiktok bubble,Rp169.000,21 terjual,3
POP IT JUMBO XXXL RAINBOW BIG BOW / popit tiktok pita viral hadiah,Rp139.000,3 terjual,3
Konichiwa Japan!,Rp41.000,0,3
"Sprei Katun Lokal Motif HK Konichiwa By Bahan Katun Beverly,Sprei",Rp322.000,0,3
HappyOliver DRESS KONICHIWA EBV Baju Dress Anak Perempuan Import ðŸ¤ž,Rp80.000,0,3
BEDCOVER + SPREI SET KATUN PREMIUM BEVERLY HK KONICHIWA RED,Rp365.000,0,3
BUKU TRAVELLING / KONICHIWA JAPAN! / BUKU TENTANG JEPANG / BUKU,Rp72.000,0,3
HappyOliver DRESS KONICHIWA EBV Baju Dress Anak Perempuan Import,Rp108.000,0,3
ASLI BUKU MOTIVASI : KONICHIWA JAPAN! READY STOCK,Rp90.000,0,3
SPREI SET KATUN PREMIUM BEVERLY HK KONICHIWA PINK,Rp120.000,0,3
Produk Terbatas Happyoliver Dress Konichiwa Ebv Baju Dress Anak,Rp992.000,0,3
Buku Motivasi : Konichiwa Japan!,Rp95.000,0,3
"Sprei Katun Lokal Motif HK Konichiwa By Bahan Katun Beverly,Sprei",Rp342.000,0,3
BEDCOVER + SPREI SET KATUN PREMIUM BEVERLY HK KONICHIWA PINK,Rp365.000,0,3
Buku Travelling / Konichiwa Japan! / Buku tentang Jepang / Buku,Rp71.000,0,3
Hoodie anak perempuan motif kawai lucu cute konichiwa jaket cewek,Rp26.000,0,3
Terbaru Heybaby Dress Konichiwa Ebv Baju Dress Anak Perempuan Import,Rp1.193.000,0,3
Terlaris Buku Travelling / Konichiwa Japan! / Buku tentang Jepang /,Rp41.000,0,3
Buku Travelling : KONICHIWA JAPAN! - Buku tentang Jepang,Rp84.000,0,3
Buku Traveling : Konichiwa Japan!,Rp90.000,0,3
Promo / Buku Sejarah / Buku Travelling / Buku Jepang : Konichiwa,Rp90.000,0,3
PROMO' Buku Travelling / Konichiwa Japan! / Buku tentang Jepang /,Rp41.000,0,3
- terlaris // heybaby-dress konichiwa ebv baju dress anak perempuan,Rp121.000,0,3
Buku Travelling / Konichiwa Japan! / Buku Tentang Jepang / Buku,Rp121.000,0,3
Konichiwa 65ml Parfum Dokyo J15 Pheromone 100 Original Jepang Limited,Rp387.400,0,3
Handskun Latex / Konichiwa / Free Powder / Uk. M,Rp45.000,0,3
Buku Konichiwa Japan! (Cklik Media - 2020),Rp58.000,1 terjual,3
Buku Travelling / Konichiwa Japan! / Buku tentang Jepang / Buku Travel,Rp40.600,1 terjual,3
Handskun / Konichiwa / Powder / Uk L,Rp50.000,0,3
Sprei Konichiwa,Rp517.000,0,3
Baju Kodok Pendek Konichiwa,Rp113.000,0,3
Sprei Set Katun Lokal Homemade Motif HK Konichiwa,Rp115.000,2 terjual,3
Setelan anak Konichiwa Ryucho,Rp95.000,0,3
Kemeja Katun Konichiwa,Rp142.000,0,3
HappyOliver DRESS KONICHIWA EBV Baju Dress Anak Perempuan Import,Rp149.000,0,3
Handskun Latex / Konichiwa / Free Powder / Uk S,Rp45.000,0,3
SPREI SET KATUN PREMIUM KING | QUEEN | SINGLE MOTIF konichiwa,Rp115.000,0,3
Baju Kodok Piteku Panjang seri konichiwa,Rp68.000,0,3
Baju kodok pendek Piteku konichiwa,Rp57.000,0,3
Smiggle Konichiwa Eraser Set Penghapus Cantik Lucu Karakter Jepang,Rp50.000,0,3
Ritter Sport Konichiwa,Rp132.000,0,3
SARUNG TANGAN KONICHIWA POWDER,Rp35.000,0,3
Handskun / Konichiwa / Powder / Uk M,Rp50.000,0,3
heybaby DRESS KONICHIWA EBV Baju Dress Anak Perempuan Import Dress,Rp86.000,0,3
heybaby DRESS KONICHIWA EBV Baju Dress Anak Perempuan Import Dress,Rp1.010.000,0,3
Handskun / Konichiwa / Powder / Uk S,Rp50.000,0,3
promo Buku Traveling : Konichiwa Japan! : Buku Tentang Jepang ready,Rp74.000,0,3
Handskun Latex / Konichiwa / Free Powder / Uk. L,Rp45.000,0,3
Glove Merk Konichiwa Non Powder,Rp52.000,0,3
dress anak perempuan KONICHIWA baju anak perempuan pakaian anak IMPORT,Rp90.150,0,3
"Sprei Anak Motif Konichiwa By Katun Star,Seprei Katun Lokal",Rp181.000,0,3
Kemeja Blouse Konichiwa Korea Wanita Kantor,Rp104.599,0,3
baju anak perempuan import DRESS KONICHIWA,Rp83.500,0,3
DRESS ANAK KONICHIWA EBV Baju Dress Anak Perempuan Import,Rp114.400,0,3
mochi kacang konichiwa,Rp20.000,0,3
Konichiwa Latex Non Steril Powder Free,Rp48.000,0,3
Dress Konichiwa Ebv Baju Dress Anak Perempuan Import Dress Anak,Rp93.000,0,3
Konichiwa Eraser set,Rp80.000,0,4
SARUNG TANGAN KONICHIWA LPF,Rp36.500,1 terjual,4
SARUNG TANGAN KONICHIWA LPS,Rp30.000,3rb+ terjual,4
